p.Gln61Leu_NRAS	0.0075	0	Somatic Mutation
p.Gln61Lys_NRAS	0.0102	0	Somatic Mutation
p.Glu31Ter_NRAS	0.023	0	Somatic Mutation
p.Gly12Asp_NRAS	0.0046	0	Somatic Mutation
p.Gly12Cys_NRAS	0.0017	0	Somatic Mutation
p.Ser11AlafsTer90_ARID1A	0.0058	0	Somatic Mutation
p.Lys327GlyfsTer69_ARID1A	0.0048	0	Somatic Mutation
p.Trp337AlafsTer33_ARID1A	0.004	0	Somatic Mutation
p.Ser350Ala_ARID1A	0.0019	0	Somatic Mutation
p.Ser350Ala_ARID1A	0.0105	0	Somatic Mutation
p.Ser350Ala_ARID1A	0.0098	0	Somatic Mutation
p.Gln379Pro_ARID1A	0.0154	0	Somatic Mutation
p.Gln379Pro_ARID1A	0.0108	0	Somatic Mutation
p.Gln379Pro_ARID1A	0.0068	0	Somatic Mutation
p.Gln379Pro_ARID1A	0.0176	0	Somatic Mutation
p.Gln588Ter_ARID1A	0.0094	0	Somatic Mutation
p.Ala718Gly_ARID1A	0.0028	0	Somatic Mutation
p.Tyr1393Ter_ARID1A	0.0209	0	Somatic Mutation
p.Arg1461Ter_ARID1A	0.0081	0	Somatic Mutation
p.Arg1989Gln_ARID1A	0.0174	0	Somatic Mutation
p.Gln2026Ter_ARID1A	0.0077	0	Somatic Mutation
p.Val2274_Ile2275insLeuTyr_ARID1A	0.009	0	Somatic Mutation
p.Thr182SerfsTer21_TCF7L2	0.0052	0	Somatic Mutation
p.Ser305Ter_TCF7L2	0.0061	0	Somatic Mutation
p.Ala372Val_TCF7L2	0.0102	0	Somatic Mutation
p.Gln390IlefsTer37_TCF7L2	0.0082	0	Somatic Mutation
p.Arg471Cys_TCF7L2	0.0407	0	Somatic Mutation
p.Arg471His_TCF7L2	0.0042	0	Somatic Mutation
p.Pro96Leu_PTEN	0.0465	0	Somatic Mutation
-_PTEN	0.0126	0	Somatic Mutation
p.His272Gln_PTEN	0.0305	0	Somatic Mutation
p.His272Gln_PTEN	0.0277	0	Somatic Mutation
p.Thr277Lys_PTEN	0.0239	0	Somatic Mutation
p.Thr277Lys_PTEN	0.0319	0	Somatic Mutation
p.Thr277Lys_PTEN	0.0267	0	Somatic Mutation
p.Glu143Asp_HRAS	0.0231	0	Somatic Mutation
p.Gly963Ser_POLE	0.0135	0	Somatic Mutation
p.Pro286Arg_POLE	0.0185	0	Somatic Mutation
p.Gln61His_KRAS	0.0024	0	Somatic Mutation
p.Val14Ile_KRAS	0.0131	0	Somatic Mutation
p.Gly13Asp_KRAS	0.0095	0	Somatic Mutation
p.Gly13Asp_KRAS	0.0055	0	Somatic Mutation
p.Gly12Ala_KRAS	0.0047	0	Somatic Mutation
p.Gly12Asp_KRAS	0.0045	0	Somatic Mutation
p.Gly12Asp_KRAS	0.005	0	Somatic Mutation
p.Gly12Asp_KRAS	0.0032	0	Somatic Mutation
p.Gly12Val_KRAS	0.0187	0	Somatic Mutation
p.Gly12Asp_KRAS	0.0078	0	Somatic Mutation
p.Gly12Asp_KRAS	0.0078	0	Somatic Mutation
p.Gly12Val_KRAS	0.002	0	Somatic Mutation
p.Gly12Asp_KRAS	0.0096	0	Somatic Mutation
p.Gly12Val_KRAS	0.0254	0	Somatic Mutation
p.Gly12Arg_KRAS	0.0048	0	Somatic Mutation
p.Gly12Ser_KRAS	0.0214	0	Somatic Mutation
p.Gly12Cys_KRAS	0.0061	0	Somatic Mutation
p.Gly12Ser_KRAS	0.0156	0	Somatic Mutation
p.Glu85Lys_AKT1	0.0319	0	Somatic Mutation
p.Gln79Arg_AKT1	0.0731	0	Somatic Mutation
p.Pro124Leu_MAP2K1	0.005	0	Somatic Mutation
p.Pro124Gln_MAP2K1	0.0069	0	Somatic Mutation
p.Arg386Trp_RNF43	0.0015	0	Somatic Mutation
p.Ala136Asp_RNF43	0.0222	0	Somatic Mutation
p.Arg132Ter_RNF43	0.0102	0	Somatic Mutation
p.Arg117AlafsTer41_RNF43	0.0807	0	Somatic Mutation
p.Ser39LeufsTer213_SOX9	0.0085	0	Somatic Mutation
p.Val89AlafsTer167_SOX9	0.0035	0	Somatic Mutation
p.Pro92Ser_SOX9	0.0242	0	Somatic Mutation
p.Phe112Leu_SOX9	0.0157	0	Somatic Mutation
p.Lys205GlnfsTer47_SOX9	0.0234	0	Somatic Mutation
p.Asp290AlafsTer97_SOX9	0.0106	0	Somatic Mutation
p.Asp290His_SOX9	0.0117	0	Somatic Mutation
p.Val313Gly_SOX9	0.0246	0	Somatic Mutation
p.Val313Gly_SOX9	0.023	0	Somatic Mutation
p.Glu343Ala_TP53	0.0176	0	Somatic Mutation
p.Arg306Ter_TP53	0.0079	0	Somatic Mutation
p.Glu298Ter_TP53	0.004	0	Somatic Mutation
p.Glu285Val_TP53	0.0034	0	Somatic Mutation
p.Arg282Trp_TP53	0.0034	0	Somatic Mutation
p.Arg282Trp_TP53	0.0151	0	Somatic Mutation
p.Arg273His_TP53	0.005	0	Somatic Mutation
p.Arg273Cys_TP53	0.0137	0	Somatic Mutation
p.Arg273Cys_TP53	0.078	0	Somatic Mutation
p.Arg267Trp_TP53	0.0051	0	Somatic Mutation
p.Arg248Gln_TP53	0.0355	0	Somatic Mutation
p.Arg248Trp_TP53	0.009	0	Somatic Mutation
p.Met246Val_TP53	0.0025	0	Somatic Mutation
p.Gly245Asp_TP53	0.0104	0	Somatic Mutation
p.Gly245Ser_TP53	0.0154	0	Somatic Mutation
p.Ser241Cys_TP53	0.004	0	Somatic Mutation
p.Cys238Tyr_TP53	0.021	0	Somatic Mutation
p.Cys238Tyr_TP53	0.0053	0	Somatic Mutation
p.Tyr220Cys_TP53	0.0325	0	Somatic Mutation
p.Arg213Ter_TP53	0.003	0	Somatic Mutation
p.Arg196Ter_TP53	0.0024	0	Somatic Mutation
p.Arg196Ter_TP53	0.0031	0	Somatic Mutation
p.His193Tyr_TP53	0.0018	0	Somatic Mutation
p.Cys176Phe_TP53	0.0028	0	Somatic Mutation
p.Arg175His_TP53	0.0068	0	Somatic Mutation
p.Arg175His_TP53	0.0047	0	Somatic Mutation
p.Arg175His_TP53	0.0035	0	Somatic Mutation
p.Arg175His_TP53	0.0025	0	Somatic Mutation
p.Val173Leu_TP53	0.0261	0	Somatic Mutation
p.Val157Phe_TP53	0.0067	0	Somatic Mutation
p.Pro153AlafsTer28_TP53	0.036	0	Somatic Mutation
p.Pro152Leu_TP53	0.0094	0	Somatic Mutation
p.Cys135Phe_TP53	0.006	0	Somatic Mutation
p.Leu130Phe_TP53	0.0115	0	Somatic Mutation
p.Ser127Pro_TP53	0.0891	0	Somatic Mutation
p.Arg110Leu_TP53	0.0023	0	Somatic Mutation
p.Gly105Val_TP53	0.0044	0	Somatic Mutation
p.Trp53Arg_TP53	0.0278	0	Somatic Mutation
p.Glu51Ter_TP53	0.005	0	Somatic Mutation
p.Ser15ArgfsTer30_TP53	0.0099	0	Somatic Mutation
p.Leu446Ile_SMAD2	0.0257	0	Somatic Mutation
p.Arg329Ile_SMAD2	0.0212	0	Somatic Mutation
p.Arg120Gln_SMAD2	0.0234	0	Somatic Mutation
p.Arg114His_SMAD2	0.0202	0	Somatic Mutation
p.Ser32Ter_SMAD4	0.0106	0	Somatic Mutation
p.Ser42Arg_SMAD4	0.002	0	Somatic Mutation
p.Leu57Ser_SMAD4	0.0017	0	Somatic Mutation
p.Asp351Tyr_SMAD4	0.0124	0	Somatic Mutation
p.Cys363Gly_SMAD4	0.0046	0	Somatic Mutation
p.Asp493Asn_SMAD4	0.1329	0	Somatic Mutation
p.Leu533Pro_SMAD4	0.0042	0	Somatic Mutation
p.Leu540Pro_SMAD4	0.0019	0	Somatic Mutation
p.Arg182Trp_PPP2R1A	0.0024	0	Somatic Mutation
p.Leu446Val_PPP2R1A	0.0202	0	Somatic Mutation
p.Ile153Val_ACVR2A	0.0045	0	Somatic Mutation
p.Arg438GlufsTer19_ACVR2A	0.0032	0	Somatic Mutation
p.Lys682Asn_ERBB4	0.0204	0	Somatic Mutation
p.Arg484Ile_ERBB4	0.0018	0	Somatic Mutation
p.Arg38Cys_PIK3CA	0.0071	0	Somatic Mutation
p.Arg93Trp_PIK3CA	0.0064	0	Somatic Mutation
p.Lys111Glu_PIK3CA	0.0045	0	Somatic Mutation
p.Ile112GlnfsTer37_PIK3CA	0.043	0	Somatic Mutation
p.Leu113del_PIK3CA	0.0303	0	Somatic Mutation
p.Cys420Arg_PIK3CA	0.0043	0	Somatic Mutation
p.Tyr1021Cys_PIK3CA	0.0052	0	Somatic Mutation
p.Arg528Cys_TGFBR2	0.0061	0	Somatic Mutation
p.Val534GlyfsTer6_TGFBR2	0.1092	0	Somatic Mutation
p.Thr41Ala_CTNNB1	0.0164	0	Somatic Mutation
p.Ala149Pro_CTNNB1	0.016	0	Somatic Mutation
p.Lys354Thr_CTNNB1	0.0271	0	Somatic Mutation
p.Arg67His_FAT4	0.0493	0	Somatic Mutation
p.Lys205Glu_FAT4	0.0989	0	Somatic Mutation
p.Arg336His_FAT4	0.0052	0	Somatic Mutation
p.Arg405His_FAT4	0.0028	0	Somatic Mutation
p.Glu1007Ter_FAT4	0.0104	0	Somatic Mutation
p.Glu1007Ter_FAT4	0.009	0	Somatic Mutation
p.Glu1007Ter_FAT4	0.0118	0	Somatic Mutation
p.Glu1007Ter_FAT4	0.0087	0	Somatic Mutation
p.Glu1007Ter_FAT4	0.0059	0	Somatic Mutation
p.Glu1007Ter_FAT4	0.0086	0	Somatic Mutation
p.Asp1274Glu_FAT4	0.0114	0	Somatic Mutation
p.Asp1274Glu_FAT4	0.0148	0	Somatic Mutation
p.Ala1534Thr_FAT4	0.0021	0	Somatic Mutation
p.Pro1555_Asp1556insGlnAsn_FAT4	0.0024	0	Somatic Mutation
p.Ala1693Thr_FAT4	0.004	0	Somatic Mutation
p.Ala1724Thr_FAT4	0.0218	0	Somatic Mutation
p.Met1744Thr_FAT4	0.0726	0	Somatic Mutation
p.Gln1761His_FAT4	0.0753	0	Somatic Mutation
p.Thr1926Asn_FAT4	0.0032	0	Somatic Mutation
p.Ala2487Val_FAT4	0.1029	0	Somatic Mutation
p.Thr2863Ala_FAT4	0.0769	0	Somatic Mutation
p.Ser2876GlnfsTer12_FAT4	0.0033	0	Somatic Mutation
p.Thr3247Lys_FAT4	0.0056	0	Somatic Mutation
p.Glu3467AspfsTer2_FAT4	0.005	0	Somatic Mutation
p.Arg3615Gln_FAT4	0.0052	0	Somatic Mutation
p.Phe4002AsnfsTer35_FAT4	0.0025	0	Somatic Mutation
p.Leu4591Ile_FAT4	0.0032	0	Somatic Mutation
p.Ser582Leu_FBXW7	0.0037	0	Somatic Mutation
p.Ser582Leu_FBXW7	0.0035	0	Somatic Mutation
p.Ser582Leu_FBXW7	0.0065	0	Somatic Mutation
p.Arg505His_FBXW7	0.0014	0	Somatic Mutation
p.Arg479Gln_FBXW7	0.0026	0	Somatic Mutation
p.Arg479Gln_FBXW7	0.002	0	Somatic Mutation
p.Arg465His_FBXW7	0.0029	0	Somatic Mutation
p.Arg465His_FBXW7	0.0031	0	Somatic Mutation
p.Arg465Cys_FBXW7	0.0067	0	Somatic Mutation
p.Arg465Cys_FBXW7	0.0082	0	Somatic Mutation
p.Thr439Ala_FBXW7	0.0032	0	Somatic Mutation
p.His137Pro_FBXW7	0.0059	0	Somatic Mutation
p.Leu37Gln_APC	0.0102	0	Somatic Mutation
p.Arg71Cys_APC	0.0584	0	Somatic Mutation
p.Arg283Ter_APC	0.0087	0	Somatic Mutation
p.Arg302Ter_APC	0.0015	0	Somatic Mutation
p.Arg302Ter_APC	0.0022	0	Somatic Mutation
p.Arg302Ter_APC	0.0035	0	Somatic Mutation
p.Arg405Ter_APC	0.0013	0	Somatic Mutation
p.Arg554Ter_APC	0.0017	0	Somatic Mutation
p.Lys693Ter_APC	0.0169	0	Somatic Mutation
p.Gln789Ter_APC	0.0028	0	Somatic Mutation
p.Arg805Ter_APC	0.0058	0	Somatic Mutation
p.Asn813PhefsTer2_APC	0.0094	0	Somatic Mutation
p.Ser943Ter_APC	0.0137	0	Somatic Mutation
p.Tyr1031Ter_APC	0.0255	0	Somatic Mutation
p.Gln1067Ter_APC	0.009	0	Somatic Mutation
p.Leu1087His_APC	0.0124	0	Somatic Mutation
p.Arg1114Ter_APC	0.0093	0	Somatic Mutation
p.Arg1114Ter_APC	0.0208	0	Somatic Mutation
p.Glu1286Ter_APC	0.0265	0	Somatic Mutation
p.Glu1286Ter_APC	0.0056	0	Somatic Mutation
p.Glu1295Ter_APC	0.0035	0	Somatic Mutation
p.Glu1306Ter_APC	0.0053	0	Somatic Mutation
p.Lys1308Ter_APC	0.0022	0	Somatic Mutation
p.Glu1309LysfsTer12_APC	0.0069	0	Somatic Mutation
p.Glu1322Ter_APC	0.0025	0	Somatic Mutation
p.Glu1353Ter_APC	0.005	0	Somatic Mutation
p.Ser1362LeufsTer13_APC	0.0136	0	Somatic Mutation
p.Tyr1376CysfsTer9_APC	0.0052	0	Somatic Mutation
p.Gln1378Ter_APC	0.0029	0	Somatic Mutation
p.Asp1394GlyfsTer2_APC	0.0051	0	Somatic Mutation
p.Ser1400Ter_APC	0.0395	0	Somatic Mutation
p.Ser1411ArgfsTer4_APC	0.0049	0	Somatic Mutation
p.Thr1430ProfsTer43_APC	0.0113	0	Somatic Mutation
p.Gln1444LysfsTer29_APC	0.0158	0	Somatic Mutation
p.Arg1450Ter_APC	0.0025	0	Somatic Mutation
p.Arg1450Ter_APC	0.0027	0	Somatic Mutation
p.Arg1463Ter_APC	0.0137	0	Somatic Mutation
p.Asp1486ValfsTer21_APC	0.0384	0	Somatic Mutation
p.Thr1493ArgfsTer14_APC	0.0118	0	Somatic Mutation
p.Glu1544Ter_APC	0.0203	0	Somatic Mutation
p.Thr1556AsnfsTer3_APC	0.0242	0	Somatic Mutation
p.Ser1971Tyr_APC	0.0133	0	Somatic Mutation
p.Gly2303Ter_APC	0.0187	0	Somatic Mutation
p.Gly2303Ter_APC	0.0094	0	Somatic Mutation
p.Gly2303Ter_APC	0.0233	0	Somatic Mutation
p.Gly2303Ter_APC	0.0111	0	Somatic Mutation
p.Gly2303Ter_APC	0.0098	0	Somatic Mutation
p.Gly2303Ter_APC	0.0075	0	Somatic Mutation
p.Gly2303Ter_APC	0.0068	0	Somatic Mutation
p.Gly2303Ter_APC	0.0138	0	Somatic Mutation
p.Gly2303Ter_APC	0.0078	0	Somatic Mutation
p.Gly2303Ter_APC	0.007	0	Somatic Mutation
p.Gly2303Ter_APC	0.0069	0	Somatic Mutation
p.Gly2303Ter_APC	0.0133	0	Somatic Mutation
p.Gly2303Ter_APC	0.0147	0	Somatic Mutation
p.Gly2303Ter_APC	0.0137	0	Somatic Mutation
p.Gly2303Ter_APC	0.017	0	Somatic Mutation
p.Gly2303Ter_APC	0.0096	0	Somatic Mutation
p.Gly2303Ter_APC	0.0126	0	Somatic Mutation
p.Gly2303Ter_APC	0.0146	0	Somatic Mutation
p.Gly2303Ter_APC	0.0082	0	Somatic Mutation
p.Gly2303Ter_APC	0.0094	0	Somatic Mutation
p.Gly2303Ter_APC	0.009	0	Somatic Mutation
p.Gly2303Ter_APC	0.0096	0	Somatic Mutation
p.Gly2303Ter_APC	0.0121	0	Somatic Mutation
p.Gly2303Ter_APC	0.0194	0	Somatic Mutation
p.Gly2303Ter_APC	0.0144	0	Somatic Mutation
p.Gly2303Ter_APC	0.0115	0	Somatic Mutation
p.Gly2303Ter_APC	0.0126	0	Somatic Mutation
p.Gly2303Ter_APC	0.0095	0	Somatic Mutation
p.Gly2303Ter_APC	0.0105	0	Somatic Mutation
p.Gly2303Ter_APC	0.0124	0	Somatic Mutation
p.Gly2303Ter_APC	0.0171	0	Somatic Mutation
p.Gly2303Ter_APC	0.0099	0	Somatic Mutation
p.Gly2303Ter_APC	0.0099	0	Somatic Mutation
p.Gly2303Ter_APC	0.0161	0	Somatic Mutation
p.Gly2303Ter_APC	0.0125	0	Somatic Mutation
p.Gly2303Ter_APC	0.0093	0	Somatic Mutation
p.Gly2303Ter_APC	0.0132	0	Somatic Mutation
p.Gly2303Ter_APC	0.0138	0	Somatic Mutation
p.Gly2303Ter_APC	0.0088	0	Somatic Mutation
p.Gly2303Ter_APC	0.0149	0	Somatic Mutation
p.Gly2303Ter_APC	0.0079	0	Somatic Mutation
p.Gly2303Ter_APC	0.0202	0	Somatic Mutation
p.Gly2303Ter_APC	0.012	0	Somatic Mutation
p.Gly2303Ter_APC	0.0078	0	Somatic Mutation
p.Arg2833Cys_APC	0.0312	0	Somatic Mutation
p.Val600Glu_BRAF	0.0082	0	Somatic Mutation
p.Val600Glu_BRAF	0.0032	0	Somatic Mutation
p.Val600Glu_BRAF	0.1034	0	Somatic Mutation
p.Asp594Gly_BRAF	0.0048	0	Somatic Mutation
p.Gly392Glu_BRAF	0.004	0	Somatic Mutation
p.Lys4368Arg_KMT2C	0.0127	0	Somatic Mutation
p.Gln2618Ter_KMT2C	0.0202	0	Somatic Mutation
p.Ala1366Val_KMT2C	0.0058	0	Somatic Mutation
p.Ser772Leu_KMT2C	0.1202	0	Somatic Mutation
p.Gln755Ter_KMT2C	0.032	0	Somatic Mutation
p.Gln755Ter_KMT2C	0.0084	0	Somatic Mutation
p.Gln755Ter_KMT2C	0.0153	0	Somatic Mutation
p.Gln755Ter_KMT2C	0.0359	0	Somatic Mutation
p.Gln755Ter_KMT2C	0.019	0	Somatic Mutation
p.Gln668_Leu669insTyrCysVal_KMT2C	0.0102	0	Somatic Mutation
p.Glu114Lys_EGFR	0.0276	0	Somatic Mutation
p.Asp761Asn_EGFR	0.0036	0	Somatic Mutation
p.Thr790Met_EGFR	0.0064	0	Somatic Mutation
p.Thr790Met_EGFR	0.0113	0	Somatic Mutation
p.Pro990Arg_EGFR	0.0229	0	Somatic Mutation
p.Asp2556Ala_FLNA	0.002	0	Somatic Mutation
p.Asp2556Ala_FLNA	0.0038	0	Somatic Mutation
p.Asp2556Ala_FLNA	0.0031	0	Somatic Mutation
p.Asp2556Ala_FLNA	0.0039	0	Somatic Mutation
p.Asp2556Ala_FLNA	0.003	0	Somatic Mutation
p.Lys2089MetfsTer51_FLNA	0.0057	0	Somatic Mutation
p.Asp1931Gly_FLNA	0.0031	0	Somatic Mutation
p.Val1445CysfsTer4_FLNA	0.0049	0	Somatic Mutation
p.Glu1130Lys_FLNA	0.0033	0	Somatic Mutation
p.Ser1125Phe_FLNA	0.0088	0	Somatic Mutation
p.Gln1001Arg_FLNA	0.071	0	Somatic Mutation
p.Ala843LeufsTer33_FLNA	0.0424	0	Somatic Mutation
p.Arg634Cys_FLNA	0.0205	0	Somatic Mutation
p.Leu140Phe_FLNA	0.0611	0	Somatic Mutation
p.Val651Ile_AMER1	0.0071	0	Somatic Mutation
p.Ser463Ala_AMER1	0.0086	0	Somatic Mutation
p.Arg358Ter_AMER1	0.0253	0	Somatic Mutation
